"Timestamp","how long you took to finish it","how many time you die","from 1-10 how challenging was the level","What do you think of the difficulty progression of the levels?","was there good amount of checkpoints ","any improvement that can be made","did you die at section 1","from 1-10 how challenging was the section ","how many attempt did it take you to get past this part","how many attempt did it take you to get past this part","when you got pass the above mention part did you catch up with the platform","which of the ways did you get pass this part","did you die at section 2","from 1-10 how challenging was the section ","were you able to learn the skill display on this section ","how many attempt did it take you to get past this part","how many attempt did it take you to get past this part","how many attempt did it take you to get past this part","how did you pass this part","","","","","","","","",""
"2022/05/24 10:23:16 am GMT+8","29 mins","too many times","9","idk just very hard","too little","","Yes","7","more then or equal 5","","","more than or equal to 5","Yes","10","Yes","","","","","more than or equal to 5","Yes","Yes","more then or equal 5","Yes","5","No","too much","more than or equal to 5"
"2022/05/24 10:33:17 am GMT+8","8mins","10 or more idk","8","Very sudden jump","just nice","Don’t do the moving thing for a tutorial stage ","Yes","7","less then 5","","","more than or equal to 5","Yes","8","Yes","","","","","less than 5","Yes","Yes","less then 5","Yes","1","No","just nice","first try"
"2022/05/24 10:47:46 am GMT+8","3min 12 sec","1","7","good","just nice","nil","Yes","8","first try","","","less than 5","No","6","Yes","","","","","first try","Yes","Yes","first try","Yes","4","No","just nice","first try"
"2022/05/24 10:47:49 am GMT+8","yes","yes","10","no progress","too much","","Yes","10","first try","","","more than or equal to 5","Yes","10","Yes","","","","","first try","Yes","Yes","first try","Yes","10","Yes","too much","first try"
"2022/05/24 10:48:39 am GMT+8","d","d","2","d","too little","r","Yes","10","less then 5","","","first try","Yes","10","Yes","","","","","first try","Yes","Yes","first try","Yes","10","Yes","too little","first try"
"2022/05/24 10:55:19 am GMT+8","5 min","3","7","it was smooth","just nice","reduce the amount of enemy at the climbing bar section abit","Yes","8","less then 5","","","less than 5","Yes","6","Yes","","","","","first try","No","Yes","first try","Yes","5","No","just nice","first try"